,names,S1_0,S1_conf_0,ST_0,ST_conf_0,S1_1,S1_conf_1,ST_1,ST_conf_1,S1_2,S1_conf_2,ST_2,ST_conf_2,S1_3,S1_conf_3,ST_3,ST_conf_3,S1_4,S1_conf_4,ST_4,ST_conf_4,S1_5,S1_conf_5,ST_5,ST_conf_5,S1_6,S1_conf_6,ST_6,ST_conf_6,S1_7,S1_conf_7,ST_7,ST_conf_7,S1_8,S1_conf_8,ST_8,ST_conf_8,S1_9,S1_conf_9,ST_9,ST_conf_9,S1_10,S1_conf_10,ST_10,ST_conf_10,S1_11,S1_conf_11,ST_11,ST_conf_11,S1_12,S1_conf_12,ST_12,ST_conf_12,S1_13,S1_conf_13,ST_13,ST_conf_13,S1_14,S1_conf_14,ST_14,ST_conf_14,S1_15,S1_conf_15,ST_15,ST_conf_15,S1_16,S1_conf_16,ST_16,ST_conf_16,S1_17,S1_conf_17,ST_17,ST_conf_17,S1_18,S1_conf_18,ST_18,ST_conf_18,S1_19,S1_conf_19,ST_19,ST_conf_19,S1_20,S1_conf_20,ST_20,ST_conf_20,S1_21,S1_conf_21,ST_21,ST_conf_21,S1_22,S1_conf_22,ST_22,ST_conf_22,S1_23,S1_conf_23,ST_23,ST_conf_23
0,$\alpha_+^{165}$,0.10103077068909137,0.1566597628251909,0.762208948019405,0.615337008076063,0.044569128823793006,0.10262266296720805,0.7691338577675738,0.7523947957150191,0.013441458894807513,0.0621111656848074,0.7805201031136105,0.7786814304021411,0.00016466948647280444,0.03998109880917408,0.8096148610605395,1.27138002170787,0.0027723943112858062,0.008499200202682229,0.20836823471011648,0.4947930264675394,0.004821413546214994,0.012937221172071434,0.3421750223166594,0.6787017443364101,0.007953688461255097,0.026882060631769397,0.6357713909236404,1.4096900413275548,0.01260967967974541,0.04754129647703004,0.9121022802703932,1.9936804995262865,0.12876357725377327,0.2369945157022481,0.6336690673437393,0.7577247580586541,0.20112125110309362,0.3405081069181709,0.9124479986129647,0.9429932031063704,0.27566599461317504,0.4994534895591692,1.1145741020677016,1.3398845261575079,0.37101690445307894,0.6475843656263766,1.3309227001389687,1.4434377583462328,0.002772394296784516,0.0075474242801204785,0.20836823471011684,0.4976554706834157,0.004821413530883272,0.015835758602625833,0.34217502231665997,0.7562768949666714,0.007953688458374741,0.03259124984361218,0.635771390923641,1.6817939233995838,0.012609679694574742,0.04507106288358546,0.9121022802703924,1.9336370445036686,0.0,0.0,0.0,0.0,0.029847718288138304,0.4692104833786145,0.6363018868330635,0.687528548703185,0.010512745236318146,0.27259459700579186,0.9286375020424185,0.7214204066339918,-0.0015876649096060935,0.9554819174469024,4.3470541657080455,1064.3321335385913,0.002772394296998761,0.007729449840816276,0.2083682347101417,0.5093310007395933,0.0048214135316983755,0.013842456838509785,0.34217502231669333,0.7865868428738075,0.007953688458487798,0.02325043177521399,0.63577139092369,1.232109564286124,0.012609679686979926,0.04023209326932014,0.9121022802704466,1.9322655578439873
1,$\alpha_-^{165}$,-0.0049331979727598755,0.009251960593419092,0.03202910012356609,0.03703379167057059,-0.004137888874714208,0.0065456083501323325,0.025250474678649572,0.03138108551682168,-0.0035023871236985766,0.006229858412646772,0.019956415296888907,0.02463567838529223,-0.002513128361386763,0.004823711643933526,0.016948969730780552,0.025539376210535106,-0.00017140329115998508,0.0012441295447197809,0.0142617029380163,0.03792953970153319,-0.00032548913381026277,0.0019196143774174342,0.012505028965151162,0.032494216370518796,-0.0006401671384910771,0.003543268539678378,0.015462354388693453,0.03006732055654935,-0.0011671885054251856,0.0061090833786871844,0.019152163075697698,0.028206303087138198,0.021556974112076317,0.02698665245682657,0.02410924370550997,0.031302594842136156,0.007423785436297152,0.008538321183509704,0.023100969166296514,0.02651507053141156,0.0031793442237643666,0.004071548342371202,0.020275191191377693,0.025652568133899753,0.0013760223531812464,0.0019597350065042552,0.018509112114080073,0.026450044725935866,-0.00017140329063562585,0.0014015300591775804,0.014261702938016329,0.042248415329352106,-0.0003254891349672485,0.0021612776670901983,0.012505028965151184,0.02875303330508907,-0.0006401671432246342,0.0040612123813636445,0.015462354388693447,0.027260916258318064,-0.0011671885151864842,0.005846737927864293,0.019152163075697698,0.029143102269167775,0.0,0.0,0.0,0.0,-0.0046784445033230945,0.016382176791671022,0.07528895865932354,0.08874940545643906,-0.0009935459655308029,0.006095543492899467,0.11199235230413371,0.10396258970331622,0.0006334828925030805,0.0022833899453284104,0.16763886209438364,0.157529469153911,-0.00017140329065719174,0.001369391637905941,0.014261702938018038,0.043253834754749254,-0.00032548913518568696,0.0018711304424133088,0.012505028965152402,0.032092157415054695,-0.0006401671432917523,0.0029146133247656358,0.015462354388694645,0.026014402244291683,-0.0011671885150104145,0.004979900011097444,0.019152163075698826,0.023399262473302405
2,$\beta_+^{165}$,-0.0029952228557460704,0.03477511044090668,0.3937148353101091,0.37227193175392675,0.001433498097578288,0.02031608343434932,0.45962900303312587,0.5148077401104479,0.004352445125626279,0.01744330429140308,0.5138395982193016,0.5702559732527183,0.007452069632019256,0.0267083757519836,0.598094075208655,0.8902601666213659,-0.019685653053720602,0.11586170779992284,52.38009846351026,284.78184904199566,-0.015501375474998717,0.06500988177445105,33.71331662369845,122.50612511354133,-0.012076582813382926,0.08097727861932096,24.312338854952053,128.30527071987424,-0.008851956947908817,0.043330828988811194,18.63061565024258,61.34764024673434,-0.024652667486782125,0.10407912542984339,0.3938263774538516,0.6544962826739023,-0.012817325242105663,0.0462206878051742,0.5567785852946808,0.7595110848076826,-0.006942125843271836,0.025403030448760255,0.610658312735365,0.7901535071255684,-0.004028463278937134,0.01663514364818447,0.6420259399948656,0.8575931935385857,-0.019685652917423906,0.13566340618705666,52.38009846351033,328.9391246230746,-0.015501375286230966,0.10859877070032065,33.7133166236985,204.5111349900766,-0.012076582584174402,0.07068625674274423,24.312338854952074,112.38220415547431,-0.008851956660873265,0.0608468269554751,18.630615650242557,86.88657727860466,0.0,0.0,0.0,0.0,0.01589928456575476,0.06075089650059826,0.6254818043122187,0.6875171553269172,0.004319159389053665,0.04874399561741426,0.9239709340345889,0.8020652641776554,-1.9050803629521136e-05,0.015577535875682561,0.11361112121004183,0.3260597009586481,-0.01968565291443585,0.12775053379145354,52.38009846351658,311.4984447887505,-0.015501375287496328,0.14925940212314312,33.71331662370179,278.8331572699856,-0.012076582588403315,0.07178438028152531,24.312338854953946,113.58705403846405,-0.008851956669834536,0.046080974570526366,18.63061565024366,65.8427189683475
3,$\beta_-^{165}$,-0.0035537265934367387,0.010212671162197713,0.011718842269215135,0.013055856437553501,0.002150185663934941,0.00531585598502111,0.004600388640759049,0.005953575336108098,0.0160307866562286,0.033086972433214554,0.05443376331075369,0.07980318977903968,0.03385049404728078,0.07394506966409421,0.26627588784572975,0.5311879524183644,0.000750440800224591,0.0018622731298263131,0.01567835507883895,0.04042606114293897,0.0006468328472570868,0.0016219958344763242,0.01101541290779029,0.028476776819934733,0.0005020817734963679,0.0014881121030890722,0.0071924333476774205,0.02109147961587284,0.0003564930935777666,0.0008221863374450355,0.004402898130034794,0.009850145543283303,-0.0036247095516351753,0.024606173235057757,0.02082386534729665,0.03423249558346061,0.0005965538603940724,0.002221899925993055,0.0016831383327288675,0.001935274778229457,0.0006116572902159419,0.0035637815438077864,0.01925384554488275,0.021247477656805305,0.00032466989639699486,0.004493963327361561,0.10157194007918073,0.1177209347420765,0.0007504407947924155,0.00198942285062824,0.01567835507883899,0.043871281800754926,0.0006468328394878823,0.0015150351946025815,0.011015412907790297,0.025610345929732835,0.0005020817647190975,0.0012357987369102598,0.0071924333476774275,0.01770019751482566,0.0003564930840351808,0.0011219117759086502,0.0044028981300347925,0.01397430170548305,0.0,0.0,0.0,0.0,0.0010227055545733777,0.020191725727596598,0.0016746758119644313,0.01401062634549233,0.00033957039918683997,0.00951226288429691,0.0021392446342855184,0.018088312620929307,1.1145045976566056e-05,0.008124630602656991,3.250410326448517e-05,0.008280957396685162,0.000750440794938303,0.0018658797293968049,0.015678355078840855,0.04088921979001964,0.0006468328396936204,0.001658189272692705,0.011015412907791372,0.028694655080621793,0.0005020817649468046,0.0011258302691772022,0.00719243334767798,0.016636921634195355,0.00035649308430341217,0.0010330581646811024,0.004402898130035056,0.011779951245629246
4,$\alpha_+^{121}$,2.5727740109826375e-06,9.652399051398383e-06,2.547308445267039e-08,5.582832864853742e-08,1.8748414257677988e-07,2.6111039512910874e-06,9.557469879023593e-09,1.9469070879833146e-08,5.112569004788467e-09,1.4308232768379306e-06,5.782715289987816e-09,1.1350889768567292e-08,-1.7581977369400611e-07,7.473086924461745e-07,1.6289243818627684e-09,6.0804121374642345e-09,0.0028746060371155767,0.006896333656649696,0.2157396235271127,0.4863671455355428,0.0025206887884216675,0.006144169633284695,0.23700729915233767,0.4215610574725647,0.0015343098549717737,0.00802953419239426,0.3052927026970273,0.43788191735527165,-1.9871566762362814e-05,0.01329910004712536,0.40149382613349766,0.4740379993601697,-5.81565147079645e-07,1.847143053366525e-06,6.499636224078861e-11,2.0886009143008214e-10,-1.0779982413795907e-07,2.984718869204757e-07,1.8425582088642733e-11,5.191466404431779e-11,-1.5621249340723058e-08,3.5894769709963674e-08,1.559449477240948e-12,3.747101385358445e-12,6.861322631543658e-10,1.971048729476338e-09,1.1689050063294603e-14,3.457107635641305e-14,0.0028746060152987467,0.0066621936297434625,0.2157396235271131,0.48624326619359337,0.0025206887468270274,0.005859292423898371,0.23700729915233798,0.43724180961800063,0.0015343097916552869,0.009618081194917414,0.3052927026970274,0.43796653866118584,-1.987166000110581e-05,0.012372722575157608,0.4014938261334974,0.47619112226755417,0.0,0.0,0.0,0.0,0.0,0.0,0.0,0.0,0.0,0.0,0.0,0.0,0.0,0.0,0.0,0.0,0.002874606015650393,0.006802665810177715,0.21573962352713885,0.504120294921766,0.0025206887477438743,0.006327917766505853,0.2370072991523611,0.4656472758494862,0.0015343097931957426,0.006673801461507655,0.305292702697051,0.40810748555525006,-1.987165739296734e-05,0.01165490361777777,0.40149382613352114,0.4643401035837142
5,$\alpha_-^{121}$,-4.47281144861621e-05,0.0001015102068853759,2.4847586543436375e-06,6.268347194182947e-06,-5.5039355330536544e-06,1.2555364336480543e-05,1.4711359303910553e-07,3.5887417988470813e-07,-1.1462617792884974e-06,2.3635444777669555e-06,1.228776609394495e-08,2.4109389509426462e-08,-1.1668266892581872e-07,7.276410893894822e-07,1.5677741217769771e-09,5.847831983256145e-09,-2.6753591582094424e-05,7.820774301244502e-05,5.304005900147362e-05,0.00015056746066723347,-4.555474201604035e-05,0.00018554254273653125,0.00019505332703860135,0.0005223142726310481,-1.5967517159654397e-05,0.0002769577479667207,0.000505922038390498,0.0015346270341265917,4.2967350535373416e-05,0.00042913729556781285,0.0014836847646464016,0.004380612001112133,1.3141571034657964e-10,4.204883227696237e-10,3.3816413262765526e-18,1.086832705989325e-17,5.91566614681497e-11,1.6009091676464356e-10,5.280094030037216e-18,1.4852969574685247e-17,2.482274102273142e-11,5.1384868679653435e-11,3.019645552376684e-18,6.939125783212352e-18,8.38655958668897e-12,2.4886529584258195e-11,1.7426189808907515e-18,5.331988403066944e-18,-2.675359139055838e-05,8.301123752419287e-05,5.304005900147327e-05,0.00014117424652608835,-4.555474147660349e-05,0.00019086147082504149,0.00019505332703860178,0.0005997977940511662,-1.5967516888612283e-05,0.0002135768723919124,0.0005059220383904985,0.0012249825720169456,4.2967349497509875e-05,0.00039075811406412116,0.0014836847646464016,0.004258530697224549,0.0,0.0,0.0,0.0,0.0,0.0,0.0,0.0,0.0,0.0,0.0,0.0,0.0,0.0,0.0,0.0,-2.6753591268848213e-05,9.431201444813781e-05,5.304005900147955e-05,0.0001557422413931268,-4.555474138718864e-05,0.00018461906303727341,0.0001950533270386212,0.0005716022730777342,-1.596751681587982e-05,0.00024363373712999942,0.0005059220383905374,0.0011590568628818366,4.2967349587126984e-05,0.0004507465182208792,0.0014836847646464888,0.004411200818717327
6,$\beta_+^{121}$,2.6994381755617917e-06,9.899899857917889e-06,2.668952346547541e-08,5.913382113796592e-08,-7.011909224753811e-05,0.00018106155870856874,3.459043939340939e-05,9.236190416462524e-05,-2.6157995386964616e-05,6.492958381375472e-05,1.0659283294980569e-05,2.750468209778068e-05,-1.0964123210529538e-05,4.545069583438781e-05,3.508969270086475e-06,1.4989935887834681e-05,0.005886445819774802,0.02218303410480226,0.3058371714905026,0.895366804903459,0.0082322351754591,0.024996818807319795,0.511659748794931,1.4348198845537237,0.00937832979358364,0.03358178053565123,0.5134483523589449,1.7050516558787525,0.010856579518560974,0.043456891014870734,0.3565369820186371,1.2719279986274183,1.7792481212980333e-07,5.733644691347373e-07,6.3115142966297314e-12,2.0285047423072322e-11,4.435506907023884e-08,1.256813666889192e-07,3.2805952953733402e-12,9.246223168442268e-12,1.1296933614208647e-08,2.75187691111125e-08,9.315380400224687e-13,2.2447084387743658e-12,1.6084718054556597e-09,4.9549144870482305e-09,7.556773667269232e-14,2.2338938386231992e-13,0.005886445815799729,0.018967704457755863,0.3058371714905031,0.8099605951753966,0.008232235175618073,0.03210345111298069,0.5116597487949317,1.8583749316657237,0.009378329801679644,0.04131886457377028,0.5134483523589453,2.1012814831180453,0.010856579534670766,0.040333825184192984,0.35653698201863676,1.2053220272098943,0.0,0.0,0.0,0.0,0.0,0.0,0.0,0.0,0.0,0.0,0.0,0.0,0.0,0.0,0.0,0.0,0.005886445816818497,0.021899825314009923,0.30583717149053957,0.9087902260156944,0.00823223517649481,0.02461441219725151,0.5116597487949816,1.4231331148092545,0.009378329802233163,0.02848122029091423,0.5134483523589849,1.4784007224700877,0.010856579534825607,0.03410198796768629,0.35653698201865797,1.0169680829792282
7,$\beta_-^{121}$,3.817504551907564e-06,9.400255339068838e-06,2.1827783904766047e-08,5.719880656701367e-08,9.057395185722379e-07,2.2340430508916663e-06,5.08446396805266e-09,1.3466255861876933e-08,4.4941705110581936e-07,1.0323303988920468e-06,2.6058239207774746e-09,6.583582210098285e-09,7.352756052888304e-08,3.180175806036977e-07,1.5937751148138925e-10,5.447391482831698e-10,1.1065983037813144e-06,0.0001581078184675277,0.00019482085378155263,0.0005766956597552607,1.9121513396496415e-06,0.0003534362460489831,0.0006461872790129,0.0015114878265201713,0.0001916312137671658,0.0011014752206100582,0.001946986658876227,0.004770894907940741,0.0011089902505672503,0.004451479037190286,0.011361127173912121,0.021723912645590576,-1.7995276807772238e-08,5.417067458743591e-08,5.424317886957634e-14,1.731901958317116e-13,-7.465523823661195e-09,2.0152532632981757e-08,8.363431413077784e-14,2.3520249995400436e-13,-2.474425880283099e-09,5.6894753651571945e-09,3.9187710048379385e-14,9.416983120873732e-14,-5.08962527059933e-10,1.5707661290840305e-09,7.598396109535223e-15,2.2458643742612443e-14,1.1065982356107397e-06,0.0001613891218950826,0.00019482085378155444,0.0006353069733757732,1.9121520715724583e-06,0.00042583793078088735,0.0006461872790129014,0.0019121256985643546,0.00019163121591282714,0.0013290253582608756,0.0019469866588762272,0.005572220560986336,0.0011089902546368726,0.004229559538123743,0.011361127173912125,0.0204577038364136,0.0,0.0,0.0,0.0,0.0,0.0,0.0,0.0,0.0,0.0,0.0,0.0,0.0,0.0,0.0,0.0,1.1065982202244824e-06,0.000175279736489339,0.0001948208537815775,0.0006589431849124795,1.9121518161428887e-06,0.00035325549404823593,0.0006461872790129645,0.0017342404881355747,0.00019163121568698593,0.0010147148595718444,0.0019469866588763779,0.006817748205808982,0.0011089902544352851,0.004117979317353418,0.011361127173912786,0.024971357148039806
8,$k_{rec}$,0.0008393892148726842,0.001261017510982964,0.0008316310910721681,0.0010449494292877652,3.976753680296066e-05,0.0005508011526064283,0.0005226272013734031,0.0006294229506069937,-0.0004729127509691346,0.0010893719971749544,0.0008079618858135618,0.0018230612395057268,-0.0008519393700832433,0.0018015281162619343,0.0022375838256525294,0.003920714289188358,-0.00010772073336541808,0.0004729522545032168,0.0013309232424754867,0.005785964121025484,-9.663301251523205e-05,0.0002924666830009905,0.0009335616984886699,0.0028493731008926927,9.388948857091235e-05,0.0004044750253607577,0.0008693977770732186,0.0037530926813934893,0.00034284292468753037,0.001344707715057445,0.011860950739701233,0.04726388454154167,0.0008782055940984299,0.005696793255503769,0.0010391588828877526,0.0015104742619702605,0.0009551034557376229,0.00152786718840599,0.0005233350683418464,0.0007016210151620198,0.0004591028257379173,0.0009492169077272487,0.0008323171047242224,0.0012460025229475168,-1.4301391752227798e-06,0.0007389416759110346,0.002376296745132612,0.003744265064454674,-0.00010772073259871011,0.0005609051877688906,0.0013309232424754934,0.006866728660247417,-9.663301136614198e-05,0.000316229000960658,0.0009335616984886722,0.0030703510867490765,9.388948697224276e-05,0.00033318327142726616,0.0008693977770732213,0.003088741997622769,0.0003428429158433391,0.0011012170291971278,0.011860950739701226,0.037700282655820226,0.0,0.0,0.0,0.0,0.0003391556351003541,0.0038127654059047487,2.4845333258128697e-05,0.0007525217473950304,-0.0008565204673267096,0.057318008362885316,0.027810491336471805,1.6753477506245185,-9.459100201914054e-05,0.0020486608475294354,0.0026495929395071323,0.005403942048226444,-0.00010772073248300974,0.0004942314319036406,0.001330923242475652,0.006046766879139732,-9.663301128870103e-05,0.00034084309818138453,0.0009335616984887618,0.0032893461589262435,9.38894870881367e-05,0.00031142326020637816,0.0008693977770732875,0.002842203234705081,0.00034284291614620913,0.001296100862425658,0.011860950739701935,0.04477807314564373
9,$k_{deg}$,-0.0018816811887927439,0.0037894135277731803,0.0018647844029829471,0.002111873264558244,-0.01122801307712864,0.023253497112734615,0.015856502222837937,0.032557199866322474,-0.017311459997202933,0.03407912837218388,0.058421870493336414,0.0940440452646601,-0.017322765906525147,0.03515619691231445,0.20659071854326552,0.5790959522889518,-4.48632107500943e-05,0.00036811516697178,0.0008912869282769553,0.00273015336752084,-2.6551424438793685e-05,0.00070392332857385,0.003655049340366938,0.011743635260755341,-6.061854614256932e-05,0.0013143045924551226,0.013229180213184488,0.04318798533391939,0.0007117255052677935,0.004328783755100101,0.03474021192711934,0.08937695995495042,-0.00027841254434289635,0.008377150132020995,0.0020162583103962395,0.00413417133688695,0.00027986958859531824,0.003399857252283536,0.0036452998724952877,0.006826279355922236,0.0005043414202053433,0.0025633973160244217,0.008152800034907865,0.01749514282980603,0.00038168745304001264,0.0018992160119772415,0.016574881796397063,0.03185847649135909,-4.486321062614859e-05,0.00034976817318682407,0.0008912869282769561,0.002997427710651557,-2.655142546327055e-05,0.0008824644011557185,0.003655049340366944,0.014871048003209115,-6.0618546365985455e-05,0.0012705472454938036,0.013229180213184498,0.03655796033745981,0.0007117255151910624,0.004931837272934067,0.034740211927119305,0.14458201189446598,0.0,0.0,0.0,0.0,0.014760993884505953,0.01959202139571998,0.6208920323665995,0.7614867282256634,0.003056354229885191,0.01734620294003426,0.9232924427228305,0.8412208142857266,0.001545983137669753,0.027661084053644897,0.8394269631874526,4.118174041674728,-4.486321050373541e-05,0.0004101214816460881,0.0008912869282770596,0.0031934761622811193,-2.6551425343150844e-05,0.0008337461245381294,0.0036550493403673,0.014028729072290209,-6.061854628184445e-05,0.0011143632593153215,0.01322918021318552,0.03662886817162496,0.0007117255149813085,0.003510081231092833,0.03474021192712137,0.09660891792793928
10,nrt,-0.017133307923306168,0.046184359288321215,0.7034038790942025,0.5235306761115174,-0.02112299642748742,0.045241293123853506,0.6779919764805128,0.5767602675745999,-0.022465396772583964,0.047417234647918166,0.6733257941662171,0.6282708665560066,-0.017945280286260457,0.04276741741979575,0.6795368458605507,0.7688739368253534,-0.0007622515690194538,0.008340348297220464,0.34158972969398255,1.4291192947498241,-0.000155959589769239,0.007308068784181903,0.25907577408318777,0.8035114715038816,0.00023311559919898887,0.005366881195740626,0.25597761027822885,0.46381419580288313,0.0003372698022821512,0.00530604362079409,0.29118793655214964,0.3468740496158171,0.21333178398101457,0.40455026938293426,0.9026016028328344,1.0328917641369029,0.29764196604004683,0.5570861388437915,0.9945076186018632,1.056800542636562,0.3096399574035808,0.5124809145298361,0.9524845755767161,1.015937650520637,0.2942058289990588,0.5292792916297188,0.8937625239966519,1.0341895474380982,-0.0007622515636545837,0.007823117093601846,0.34158972969398316,1.3823684513903622,-0.00015595958896140658,0.0060229129537523116,0.25907577408318816,0.7271287768687165,0.0002331155895947092,0.006201140026868558,0.255977610278229,0.4891679543271966,0.00033726977331367727,0.005307199864477296,0.2911879365521495,0.36121387473668265,0.0,0.0,0.0,0.0,0.015027264111318146,0.029507461353772052,0.6208376620452228,0.7459332410140147,0.00302814462061627,0.011255463899116172,0.9205653544128652,0.8730286723309925,0.001451715554208067,0.2061511210710187,0.8679090719047057,47.38578145926298,-0.0007622515635869279,0.008713314816588894,0.34158972969402374,1.3698110764848803,-0.0001559595888772718,0.00654690413633666,0.2590757740832134,0.8270999809881643,0.0002331155898953833,0.0051483969179682105,0.25597761027824883,0.38531383124226265,0.00033726977416625396,0.010466470405728805,0.2911879365521667,0.4980006987915076
11,$k_{int165}^M$,-0.0019797379098732324,0.0033588261081839215,0.004136492889066692,0.006191892597721449,-0.001961083653319795,0.004720574453843555,0.02835898553368926,0.049543877697403566,-0.0015179686798441857,0.0047413088932395835,0.06786446072263791,0.1336517975521523,-0.0009813116502354524,0.009228824181871981,0.14519771208314428,0.553938365293168,2.570831923211362e-05,6.860007628353408e-05,2.7441645731332504e-05,7.257828579543951e-05,2.0191315960935672e-05,5.889007163001879e-05,1.6232137194869204e-05,4.9643457642087616e-05,1.5808563125323277e-05,4.733046100126814e-05,1.0115666093169519e-05,3.253819933577647e-05,1.167414483907427e-05,2.7983642054473223e-05,6.1527100433432225e-06,1.5641242774295365e-05,-0.02506046150767463,0.07941314146772321,0.14593604562073928,0.42834242451561955,-0.03229798714370214,0.09778195140491695,1.9114987552069924,5.454922365610197,-0.03305386311694103,0.09395341237992781,8.296874978231141,22.881321626962503,-0.03266938959047736,0.07920035799678607,29.13715375655888,69.56545152967735,2.5708319049676285e-05,7.404215837902973e-05,2.744164573133258e-05,8.05832693161932e-05,2.019131572204822e-05,5.316603843980246e-05,1.6232137194868967e-05,4.303393375765189e-05,1.580856285573345e-05,4.473894391575414e-05,1.0115666093169413e-05,2.867859567609356e-05,1.1674144542440956e-05,4.375455654338812e-05,6.152710043343263e-06,2.467157814989848e-05,0.0,0.0,0.0,0.0,0.00021429122273158063,0.011030939333040396,0.00010599575465788206,0.0033344363335652432,0.0002782200936308759,0.011359192746976969,0.00019805850517852985,0.007617491599766704,-0.00042446840773641674,0.0037184024689812167,0.07260663086828247,0.07247231847816404,2.5708319051553794e-05,6.926338791037662e-05,2.7441645731336037e-05,7.535022380418082e-05,2.0191315725586795e-05,6.166251423655165e-05,1.6232137194870525e-05,5.0345968798627774e-05,1.5808562860088973e-05,4.046764108287694e-05,1.0115666093170257e-05,2.7632310565884847e-05,1.1674144548932545e-05,3.345560134265884e-05,6.152710043343697e-06,1.788450672439304e-05
12,$k_{int165}^P$,0.0006850183085641913,0.002006656531209206,0.000513483800005335,0.0008470004047439809,-6.0198411078957944e-05,0.0004915866109576335,0.0003054482804658687,0.0004991521168472862,-0.0009080513776722279,0.0017513406233061418,0.002305324828200569,0.004831502085089319,-0.0011933924304946026,0.002583873636863422,0.006722118459738982,0.018698651479755073,0.00018831117846595746,0.0006439258199071769,0.0032402549974378833,0.012120912806221113,0.0001410033461893761,0.000489549109573189,0.0014520579260944376,0.005556357770182935,0.00012120769368757599,0.00041787825997583437,0.0008504293882752185,0.003438531936223049,0.00011721931263802474,0.0003541106433264735,0.0006045506523961242,0.002224398499576005,-0.0005704015922556909,0.001773296630981476,8.143578226175224e-05,0.00021262230599496462,-6.778611661639302e-05,0.0004065387156372583,4.2269584962525275e-05,7.305563019164964e-05,-1.581075802653887e-05,0.0005312253293480448,0.00034098148001490556,0.0006108564110607991,-1.728413485599196e-05,0.000507948987159719,0.0013586819511485673,0.002214235919142108,0.00018831117704530827,0.0006990048246344485,0.003240254997437895,0.01299100143087004,0.0001410033445635044,0.0006726001255021462,0.0014520579260944386,0.00780537392630377,0.00012120769192102152,0.00041819315310878224,0.000850429388275219,0.003421345338592474,0.00011721931049472805,0.000648204904841402,0.0006045506523961239,0.004619280782591894,0.0,0.0,0.0,0.0,-0.00015166622640990028,0.00848962152175484,8.53349104927794e-05,0.0026869921465271156,-7.758128048658055e-05,0.005612414479595568,0.0001223564539398896,0.00459858142086002,-4.330558325694082e-06,0.002252601432266442,3.605244224686268e-06,0.001813769414556338,0.0001883111771472542,0.0007573081917617359,0.0032402549974382844,0.014082036261691636,0.00014100334464410363,0.0006136742359533877,0.00145205792609458,0.007150417362757888,0.00012120769197854655,0.00035569466792028325,0.0008504293882752852,0.0029479638159195993,0.00011721931054644132,0.00041792433178924394,0.0006045506523961605,0.0029773335111564826
13,$f165$,-7.22808854849489e-05,0.00026513706573351594,2.2597967263192526e-05,3.8070593475673905e-05,1.3104026334662636e-05,8.203969475154857e-05,8.73764553569926e-06,1.097631751088187e-05,-3.673865768443983e-05,0.00018088978634153848,6.598592201253833e-05,7.216394891964942e-05,-0.000158671245924504,0.0003896510518340306,0.000317899196241211,0.00036216120879623687,0.0001537078338968946,0.0005957290415962938,0.0027548519055673425,0.010465544622920849,0.00010692665985056969,0.00042264528554922297,0.0012255511108589775,0.004767317757785145,8.252549923215201e-05,0.00034597768970591697,0.0007144115984799484,0.002945929045689184,6.869805519728772e-05,0.0002634978366274119,0.0005078506132466436,0.0019127899926441015,-3.8838225515394556e-05,0.001228746626504132,4.965081516686075e-05,0.00011068357124136356,0.00019929528904932432,0.0009200931479039043,0.00028386160759017397,0.0005375783319057544,0.00039824018352889034,0.0015991127371527793,0.0035653635711458674,0.00735759075192926,0.00035150763888954455,0.0015973205311365334,0.011825316308833956,0.026242870540084496,0.00015370783271373471,0.0006358787956266831,0.002754851905567354,0.011194729220483736,0.00010692665853814934,0.0005983810078781174,0.0012255511108589788,0.006728933547244944,8.252549780249303e-05,0.00034688821234577313,0.0007144115984799492,0.0029433322288296483,6.869805344369408e-05,0.0005494851451565959,0.0005078506132466433,0.0039814091411837,0.001003457940081732,1.781392587753018e+23,5.527091685897377e-05,9.81199088452772e+21,-0.0011666989872874658,0.004504810799396576,3.739752628550993e-05,0.0011545350329676249,-0.00022715381805918987,0.0030294545792108564,5.145511289572683e-05,0.0020587407755957563,5.85119434975792e-06,0.00044034667306560796,9.617110748924726e-06,0.0008659375645802943,0.00015370783272022117,0.0006901162671562596,0.0027548519055676846,0.012145212069146118,0.00010692665827766122,0.0005480231714736456,0.001225551110859098,0.00615658795211464,8.252549762780473e-05,0.0002961616031163667,0.0007144115984800036,0.0025259155593729808,6.869805338406041e-05,0.000352521282704044,0.0005078506132466738,0.0025597597847303853
14,$k_{int121}^M$,-4.4310217774540284e-05,0.00010039583660335337,2.4208019101649937e-06,6.2094003686488745e-06,-5.9606609975628824e-06,1.2394545177618861e-05,1.4260337976250085e-07,3.511050905579945e-07,-1.4694243979043544e-06,2.4433861648440365e-06,1.28714071461383e-08,2.2665647110374083e-08,-1.7575775659061066e-07,7.472259866084786e-07,1.6291123378541453e-09,6.080867549812146e-09,-1.2841420423699734e-05,7.105725904313721e-05,3.720806409801568e-05,0.00014174276883115693,-9.198939049438758e-06,5.9032029525452063e-05,2.4626011173373175e-05,9.527290964031279e-05,-4.105939819731912e-06,5.3357342805909064e-05,1.7629820257906486e-05,6.992985342179835e-05,8.147951667903575e-06,5.537153946331471e-05,1.36141124007703e-05,3.969892392863952e-05,1.0267025487681574e-11,3.08011021645805e-11,1.7502106397083238e-20,5.583762188237916e-20,7.56353698326756e-12,1.5224912653519867e-11,4.8371655588171725e-20,1.0182932049395484e-19,7.765663072354226e-12,1.775417372133889e-11,2.642213582121291e-19,6.910192304824962e-19,1.0138556226354378e-11,2.9302419884603444e-11,2.3951471951175445e-18,7.304493690577591e-18,-1.2841420330500698e-05,6.810595256458084e-05,3.720806409801538e-05,0.000134306874222266,-9.198938927147824e-06,7.453962485179625e-05,2.462601117337315e-05,0.00011674579215535586,-4.105939675087528e-06,6.084350769149805e-05,1.7629820257906465e-05,7.795760227671857e-05,8.147951793099153e-06,5.898197696529126e-05,1.3614112400770315e-05,5.2913201381860135e-05,0.0,0.0,0.0,0.0,0.0,0.0,0.0,0.0,0.0,0.0,0.0,0.0,0.0,0.0,0.0,0.0,-1.2841420207763042e-05,7.645301609492992e-05,3.72080640980198e-05,0.00015471822962937674,-9.198938829539706e-06,6.207423070725413e-05,2.462601117337552e-05,9.535285229167072e-05,-4.105939599437098e-06,8.662709660538989e-05,1.762982025790787e-05,0.00011582174157224654,8.147951850944171e-06,6.349969445985079e-05,1.3614112400771144e-05,9.215613062025561e-05
15,$k_{int121}^P$,2.754096058003601e-06,9.877408648521066e-06,2.6479862250859175e-08,5.9071094146390266e-08,-7.008370208245832e-05,0.00018103517133880284,3.458626695517871e-05,9.235143119316891e-05,-2.6127792639042674e-05,6.490193633338867e-05,1.0652487583582505e-05,2.7487796920938097e-05,-1.0938897982945023e-05,4.538410162734866e-05,3.5034938867234153e-06,1.4967116788382079e-05,-0.00025227645366297395,0.0008559692694364447,0.005321939064998621,0.019718822942876295,-0.0007062726870628648,0.002091561831347315,0.02965622091623872,0.10097719322459692,-0.0011308853247002392,0.003866372517107684,0.07048585882728949,0.26140138516561096,-0.0016214824437164434,0.004936987699547211,0.15639202157382037,0.5357486029632538,-3.751419454241925e-08,1.2057097552064136e-07,2.7870550416227743e-13,8.957603184045814e-13,-4.181621233257042e-08,1.1786317113754112e-07,2.8823812887150888e-12,8.124119599833851e-12,-3.2620542263055384e-08,7.862088159099723e-08,7.584965107747842e-12,1.8279614304719987e-11,-2.140579379159239e-08,6.340079031193028e-08,1.2222282872745173e-11,3.6190255706759993e-11,-0.0002522764519681994,0.0009276024968135963,0.005321939064998628,0.021163122788203037,-0.0007062726787224107,0.0029006982531212923,0.029656220916238756,0.1420983123007456,-0.0011308853051490897,0.0036903160224944667,0.07048585882728953,0.2553050329415929,-0.0016214824007765726,0.009143153910004179,0.15639202157382018,1.0822654870959654,0.0,0.0,0.0,0.0,0.0,0.0,0.0,0.0,0.0,0.0,0.0,0.0,0.0,0.0,0.0,0.0,-0.00025227645189870434,0.0009854611837201183,0.00532193906499926,0.022890567116123944,-0.0007062726788350267,0.0027432236501257153,0.029656220916241642,0.13141597996031415,-0.0011308853055768165,0.0030326838629900444,0.07048585882729498,0.2142304910264576,-0.001621482401943053,0.00612743045212869,0.15639202157382948,0.7024200364481279
16,$f121$,2.5036599130413242e-06,9.490110609801416e-06,2.466964971958633e-08,5.376647889982598e-08,1.5934232995974296e-07,2.5612251502667113e-06,9.2203174593427e-09,1.8751213653402266e-08,-8.03719552425254e-09,1.409486796940141e-06,5.6044027221057544e-09,1.1044243796747026e-08,-1.8088740280383196e-07,7.523140940762803e-07,1.5981102508337489e-09,5.987931231043708e-09,-2.4081609460331817e-05,0.00022159238878132227,0.00035913454945312275,0.0013234414913511866,-9.435130981888869e-05,0.0008121668565769612,0.006671060951951056,0.017492313859962232,-5.993939210465934e-05,0.0012968446239317386,0.011122144532850048,0.03940788393534703,0.00012056807122473333,0.0007791902137830272,0.006937059007500318,0.01650084166938114,3.058856775488106e-09,1.43573825148935e-08,4.60176351408908e-15,1.3697515523160551e-14,1.0350286784226733e-09,3.9234811983710565e-09,3.377855047687535e-15,9.005247547071327e-15,2.8890911464925275e-10,1.0603336717001815e-09,1.4090313190115166e-15,3.139398849401359e-15,1.1461071080759035e-10,2.870802144999089e-10,2.3287355198256723e-16,6.510104148528954e-16,-2.408160928792854e-05,0.0002703884849603252,0.00035913454945312454,0.0015123090073576645,-9.435130870181359e-05,0.000909620107403239,0.006671060951951065,0.019404330261893997,-5.993939108239453e-05,0.0011923918158722522,0.01112214453285005,0.035065173009390965,0.00012056806815998909,0.0007798712066833676,0.006937059007500313,0.015285166772368191,0.0,0.0,0.0,0.0,0.0,0.0,0.0,0.0,0.0,0.0,0.0,0.0,0.0,0.0,0.0,0.0,-2.408160916601828e-05,0.00023545817997177768,0.00035913454945316845,0.0013883155837630468,-9.435130862374385e-05,0.0009131384024103199,0.006671060951951712,0.01981391262796243,-5.993939102700399e-05,0.0015822782019111854,0.011122144532850915,0.035386951621004664,0.00012056806830497623,0.0013162897228722315,0.006937059007500716,0.02083665211569073
